loss,mape,val_loss,val_mape
0.038330305367708206,284507.21875,0.012701054103672504,116.56453704833984
0.011505872011184692,98470.5234375,0.009577671065926552,101.78231811523438
0.01055422704666853,91079.84375,0.008857051841914654,92.03308868408203
0.009969502687454224,84608.984375,0.008411304093897343,85.76117706298828
0.00935374666005373,84095.515625,0.008167550899088383,88.70286560058594
0.008756516501307487,75117.5390625,0.007322139572352171,84.0164794921875
0.008252069354057312,71300.1953125,0.006757908035069704,74.1106185913086
0.007720750756561756,75173.7890625,0.006311811972409487,66.8594741821289
0.007252824492752552,78111.8125,0.00579499825835228,67.14006042480469
0.006755478214472532,80348.5625,0.005343249533325434,65.19178771972656
0.00630808575078845,71851.3828125,0.005018065217882395,57.66606903076172
0.005605355370789766,69653.328125,0.004268853925168514,58.615970611572266
0.005286368541419506,64310.98828125,0.0039888229221105576,54.093650817871094
0.004840722773224115,66425.65625,0.0035738074220716953,45.659454345703125
0.004530311096459627,48578.46484375,0.003455777419731021,45.60649871826172
0.004398711957037449,47141.1875,0.0039247144013643265,52.11439514160156
0.004207781050354242,47694.87109375,0.0033233065623790026,38.766841888427734
0.0042326198890805244,42481.34375,0.0033308565616607666,36.5704231262207
0.004107905086129904,41719.734375,0.0033215717412531376,38.81132125854492
0.004099151585251093,48007.09375,0.0033007715828716755,42.05629348754883
0.004036933183670044,48627.71484375,0.003356270957738161,45.46160125732422
0.003992845304310322,45614.05078125,0.0033155058044940233,39.5595703125
0.003980920184403658,40285.28125,0.003101320005953312,37.615901947021484
0.003912926651537418,40947.203125,0.003194382879883051,34.11511993408203
0.0038670094218105078,40442.3828125,0.0032580276019871235,39.947906494140625
0.0038185706362128258,41072.8359375,0.0034285136498510838,34.977787017822266
0.0038543359842151403,33854.046875,0.0030609648674726486,42.668148040771484
0.003738920670002699,38241.08203125,0.0029974759090691805,35.47584915161133
0.0037718303501605988,43528.49609375,0.0029963257256895304,39.509559631347656
0.0036492524668574333,43339.2265625,0.0029579256661236286,34.643653869628906
0.0037587559781968594,40279.6015625,0.0029735402204096317,39.43751525878906
0.0036946197506040335,46959.92578125,0.0032458514906466007,32.02375030517578
0.0036557246930897236,42984.375,0.0029524543788284063,34.44526672363281
0.0036265014205127954,40666.40234375,0.002935426076874137,31.45758628845215
0.0035546578001230955,49280.546875,0.0028800975997000933,32.827980041503906
0.0035535315982997417,40096.65234375,0.0030231275595724583,31.801408767700195
0.0035693778190761805,33904.25390625,0.002995903603732586,31.770427703857422
0.003533951472491026,38991.1015625,0.0028967177495360374,33.224525451660156
0.003558139083907008,41961.0,0.002868331503123045,30.107406616210938
0.0034668187145143747,42337.36328125,0.0029465428087860346,36.768043518066406
0.0035032692831009626,40592.578125,0.002894031349569559,35.3092155456543
0.0034971225541085005,32132.931640625,0.0028169245924800634,30.62770652770996
0.003448378061875701,35833.40625,0.0028109552804380655,32.88332748413086
0.003434522310271859,42487.5234375,0.0028225858695805073,36.526390075683594
0.003444087691605091,40860.1484375,0.0027593597769737244,33.878631591796875
0.0033988833893090487,43051.8125,0.002746442798525095,34.35026550292969
0.0033900728449225426,37036.8984375,0.002780894748866558,29.50054168701172
0.0034114380832761526,35885.16015625,0.002966075437143445,30.75828742980957
0.003388333832845092,40452.7265625,0.0027340056840330362,31.027393341064453
0.003351512597873807,48256.96875,0.0028409480582922697,32.801517486572266
0.003376939333975315,36179.08984375,0.0028052390553057194,39.198875427246094
0.003380140755325556,42478.40625,0.0027149131055921316,29.9162540435791
0.00331850815564394,31631.72265625,0.002740315394476056,35.302284240722656
0.003319649025797844,40208.59375,0.0028037908487021923,31.323633193969727
0.0032860024366527796,38494.27734375,0.002742192940786481,36.462650299072266
0.003317604772746563,38011.4296875,0.00266460794955492,32.749000549316406
0.0033109551295638084,42456.43359375,0.0027314925100654364,32.662811279296875
0.003306829836219549,37436.30859375,0.002723506186157465,33.86836624145508
0.003293471410870552,31037.3359375,0.0026936789508908987,33.22666931152344
0.003270259592682123,38243.20703125,0.002656642347574234,35.13559341430664
0.0032772873528301716,41777.453125,0.0026384342927485704,32.85744094848633
0.003226539818570018,31215.486328125,0.0026860320940613747,29.25713539123535
0.003269553417339921,36331.78125,0.0026878677308559418,31.109811782836914
0.0032479942310601473,33259.234375,0.0026478837244212627,37.02116012573242
0.0032404742669314146,35620.625,0.002629050286486745,29.990062713623047
0.003237661672756076,39587.953125,0.002702099736779928,28.194408416748047
0.003245673840865493,36287.1796875,0.002684588311240077,28.62852668762207
0.0032102966215461493,41494.33203125,0.002635135781019926,29.68405532836914
0.0032215069513767958,38070.1015625,0.0026982801500707865,27.430599212646484
0.0032157718669623137,35566.64453125,0.0025974803138524294,32.0130729675293
0.003219404723495245,39361.44921875,0.00264950143173337,27.561283111572266
0.0032143043354153633,38142.51953125,0.0026092655025422573,29.533885955810547
0.0031760905403643847,40816.65625,0.002684119390323758,30.488889694213867
0.003226330503821373,35140.625,0.002633060561493039,29.349559783935547
0.003219486214220524,40623.09375,0.002604114357382059,28.84218406677246
0.0031900331377983093,30219.609375,0.0026074314955621958,30.08961296081543
0.0031974080484360456,36311.1171875,0.0025908714160323143,31.068422317504883
0.00314948707818985,35528.078125,0.002604809356853366,28.444580078125
0.0031449636444449425,35763.9453125,0.002631174633279443,31.094375610351562
0.00319151533767581,38981.48046875,0.002618658822029829,28.827999114990234
0.0031780493445694447,37075.57421875,0.0026496932841837406,34.12550735473633
0.003144590649753809,34400.0078125,0.0025822066236287355,29.591894149780273
0.0031526279635727406,28560.859375,0.002591792494058609,33.251651763916016
0.0031655027996748686,37182.109375,0.0026016205083578825,33.50178146362305
0.0031741939019411802,34802.0859375,0.002575952559709549,31.612045288085938
0.003153995843604207,33047.98046875,0.002594462363049388,27.39651870727539
0.0031719321850687265,35684.40625,0.0025885964278131723,28.441104888916016
0.003148619784042239,31135.052734375,0.0026879545766860247,29.63946533203125
0.0031654122285544872,37497.4296875,0.002727898070588708,32.75406265258789
0.0031725007575005293,33766.1484375,0.00255794171243906,31.746183395385742
0.003192740958184004,40119.21875,0.002700905781239271,29.535005569458008
0.003122953465208411,36590.33984375,0.0025537670589983463,32.29494094848633
0.003130705328658223,33870.77734375,0.002585803857073188,30.312328338623047
0.0031435026321560144,39017.78125,0.002555082319304347,28.75312042236328
0.0031614494509994984,32518.392578125,0.00259311287663877,29.10927391052246
0.0031280438415706158,32590.849609375,0.002652808092534542,31.26873779296875
0.0031353365629911423,39403.9609375,0.0026271964889019728,36.602867126464844
0.00311584142036736,35304.84765625,0.002590764779597521,37.84217834472656
0.0031313207000494003,38958.6953125,0.0026224940083920956,35.01256561279297
0.003134905593469739,32402.87109375,0.0025381825398653746,30.86444091796875
0.003141524503007531,33691.54296875,0.002539800712838769,29.682512283325195
0.003130876924842596,40334.06640625,0.0025486547965556383,29.632648468017578
0.003135891165584326,37672.44921875,0.002541747409850359,30.638086318969727
0.0030971544329077005,31899.126953125,0.0025669140741229057,27.71575164794922
0.003083182964473963,38343.83984375,0.002582901855930686,33.58683776855469
0.0031275865621864796,32890.37890625,0.0025648141745477915,32.317527770996094
0.0031001016031950712,33949.671875,0.002617597347125411,27.825965881347656
0.0031007525976747274,33985.91015625,0.0025946241803467274,26.01359748840332
0.0031083570793271065,34775.37109375,0.0025322739966213703,33.14384841918945
0.0030962435994297266,33567.1171875,0.002776644891127944,32.56572723388672
0.003105724696069956,34798.0625,0.0025670116301625967,25.610063552856445
0.0031218496151268482,34797.63671875,0.002546863164752722,27.150802612304688
0.00309235998429358,36420.75,0.0025244534481316805,28.814714431762695
0.0030912887305021286,40115.47265625,0.0025217679794877768,29.210432052612305
0.0030713961459696293,31276.6328125,0.002697770483791828,27.15386962890625
0.003111534984782338,32502.171875,0.0026407588738948107,30.388364791870117
0.003076863242313266,45036.78125,0.002515278058126569,29.826919555664062
0.003087189281359315,36456.9921875,0.0025397518184036016,31.678546905517578
0.003074778476729989,34745.97265625,0.0025761795695871115,28.428110122680664
0.003070338163524866,36092.7265625,0.0025056633166968822,30.7171630859375
0.0030767638236284256,33560.515625,0.0025650574825704098,28.06971549987793
0.003100805217400193,32597.384765625,0.0025197567883878946,31.16533088684082
0.0030675120651721954,30642.552734375,0.0025382672902196646,28.23546028137207
0.003078397363424301,30992.001953125,0.0025197758805006742,30.050617218017578
0.003064213553443551,38095.4296875,0.00254551088437438,26.84774398803711
0.0030729244463145733,33403.26171875,0.002547193318605423,27.16579246520996
0.003049292601644993,34423.7109375,0.0026598661206662655,26.266935348510742
0.0030645953956991434,37931.2109375,0.002649049274623394,27.75307846069336
0.0030759794171899557,34468.15234375,0.0025367785710841417,27.78268051147461
0.0030463109724223614,35623.16015625,0.0025112966541200876,30.039499282836914
0.003091794205829501,34465.4375,0.002614578464999795,29.905866622924805
0.0030324370600283146,37953.28125,0.00251537817530334,28.56165313720703
0.00306125869974494,38316.3828125,0.0025325955357402563,27.950044631958008
0.003087299410253763,31580.302734375,0.002509649144485593,28.139047622680664
0.00307006249204278,37472.01171875,0.0025028237141668797,31.615093231201172
0.0030710455030202866,32584.103515625,0.002532963640987873,26.62741470336914
0.003046332858502865,30685.9609375,0.002488966565579176,30.452661514282227
0.003043163800612092,32314.6171875,0.0024900620337575674,28.28211784362793
0.003047088161110878,26833.5390625,0.002505627227947116,33.29822540283203
0.0030726459808647633,32404.29296875,0.00249266903847456,29.177066802978516
0.0030634526629000902,36599.80078125,0.002526685828343034,28.935958862304688
0.0030337886419147253,30113.111328125,0.002557311672717333,28.26814842224121
0.0030358172953128815,34953.76171875,0.0026451193261891603,29.30499839782715
0.003045200603082776,28798.0390625,0.0024942432064563036,26.590476989746094
0.0030523212626576424,31287.08203125,0.00249763997271657,31.337120056152344
0.003047655103728175,28738.2109375,0.0025127886328846216,25.7000732421875
0.003030933905392885,42004.5390625,0.002496266970410943,27.176950454711914
0.003035789355635643,33934.78125,0.0025625890120863914,25.74883460998535
0.0030547678470611572,27926.77734375,0.0025587091222405434,31.129383087158203
0.003012255299836397,39256.91796875,0.0026363511569797993,23.951786041259766
0.0030077695846557617,27182.7265625,0.0025065471418201923,29.781938552856445
0.003020815085619688,33554.74609375,0.0025256883818656206,28.3351993560791
0.0029822320211678743,30624.873046875,0.00246951961889863,27.892784118652344
0.0030016591772437096,34380.33984375,0.002523512579500675,26.730371475219727
0.0030286198016256094,30040.423828125,0.0025498641189187765,30.282867431640625
0.0030499249696731567,28818.328125,0.0024704155512154102,28.588016510009766
0.003012792905792594,33807.46484375,0.002474820474162698,31.157485961914062
0.0030043066944926977,37510.00390625,0.0024820095859467983,30.7331600189209
0.0030209755059331656,37750.02734375,0.002482212847098708,32.8641357421875
0.0030055667739361525,27083.107421875,0.0024686683900654316,27.716089248657227
0.0029963492415845394,29993.181640625,0.0025387865025550127,27.741840362548828
0.003031946951523423,36227.46484375,0.0025380803272128105,25.77063751220703
0.0030011183116585016,33459.546875,0.0024804810527712107,25.76396369934082
0.0029952877666801214,35432.31640625,0.002489271806553006,28.046472549438477
0.003019159659743309,34941.04296875,0.0026157803367823362,32.238914489746094
0.0029890183359384537,35676.05859375,0.00251567829400301,28.878643035888672
0.0029942786786705256,38324.39453125,0.002485840115696192,26.972749710083008
0.0030003003776073456,32288.703125,0.002475484274327755,25.32242202758789
0.00299089471809566,34397.41796875,0.0024712588638067245,26.685461044311523
0.003014060901477933,36558.6796875,0.0024635063018649817,27.547306060791016
0.003015995491296053,28209.80078125,0.0024720532819628716,28.438785552978516
0.003002127632498741,27371.4921875,0.002492419444024563,24.07672691345215
0.003011909546330571,40100.65234375,0.002468131249770522,26.170883178710938
0.0030073197558522224,40831.83203125,0.0025162857491523027,33.13184356689453
0.002999400021508336,39448.46875,0.0024592659901827574,28.128482818603516
0.003024369478225708,37147.5078125,0.002519578905776143,26.313261032104492
0.00300091365352273,32039.888671875,0.002455175621435046,26.600683212280273
0.0029939713422209024,34011.734375,0.0024548631627112627,29.244531631469727
0.0029715204145759344,30746.314453125,0.0024591058026999235,27.458362579345703
0.0029785120859742165,35401.765625,0.0024648902472108603,24.935386657714844
0.002964477753266692,39836.24609375,0.002467603189870715,29.896732330322266
0.003001616569235921,30857.373046875,0.0024663559161126614,25.901365280151367
0.0029841891955584288,30104.716796875,0.0024556557182222605,31.260421752929688
0.00294867972843349,34907.2578125,0.0024849772453308105,26.165189743041992
0.0029901720117777586,38030.53515625,0.002565417904406786,24.033815383911133
0.002946666907519102,32811.88671875,0.0025398407597094774,26.29206657409668
0.0029544357676059008,29506.705078125,0.002469373168423772,26.35357666015625
0.0029593058861792088,31364.5859375,0.002537425607442856,26.889856338500977
0.002972409827634692,36066.234375,0.0024903796147555113,32.981693267822266
0.002986321924254298,35291.73828125,0.002443637466058135,26.077919006347656
0.0029675138648599386,35327.19140625,0.0024529059883207083,26.560361862182617
0.002942920196801424,34314.7109375,0.002454262226819992,24.447751998901367
0.0029739669989794493,31026.2109375,0.0024673589505255222,28.305999755859375
0.0029404147062450647,33480.90234375,0.0025554432068020105,26.730022430419922
0.0029485856648534536,32388.04296875,0.0024851635098457336,26.77105712890625
0.0029549384489655495,36876.33203125,0.002434810856357217,26.89435386657715
0.0029813353903591633,34227.5859375,0.002460327697917819,24.50686264038086
0.0029382521752268076,30720.30859375,0.002465386874973774,33.317138671875
0.002955452771857381,36900.0078125,0.0024761436507105827,28.768342971801758
0.002942211925983429,37592.453125,0.002523156814277172,23.932157516479492
0.0029791390988975763,32147.06640625,0.002463242504745722,24.646928787231445
0.002958089578896761,38255.1875,0.002445164369419217,25.52452278137207
0.002943274797871709,32002.478515625,0.0025360775180161,23.689668655395508
0.002972233574837446,34529.71875,0.002459791488945484,27.488431930541992
0.0029399895574897528,30513.125,0.0024231988936662674,26.120540618896484
0.002951326547190547,30311.560546875,0.002438800409436226,27.048280715942383
0.002962363651022315,38015.91015625,0.0024408893659710884,26.53123664855957
0.0029581855051219463,33916.0859375,0.002458915114402771,23.88503646850586
0.002958513330668211,35163.44921875,0.0024642497301101685,23.130325317382812
0.002903908258304,29636.265625,0.0024225860834121704,26.270465850830078
0.0029656346887350082,35022.40625,0.002437036717310548,24.173234939575195
0.002960694720968604,33726.9765625,0.0024192389100790024,26.214866638183594
0.0029176974203437567,35811.734375,0.0024256138131022453,27.204769134521484
0.002926541492342949,35782.73828125,0.002453562570735812,33.053436279296875
0.0029680842999368906,27642.2421875,0.0024166563525795937,27.034648895263672
0.0029108484741300344,33679.30859375,0.002449935767799616,23.089040756225586
0.0029330123215913773,32444.9296875,0.0024452467914670706,24.48789405822754
0.0029519321396946907,32806.18359375,0.0024384111166000366,26.72503089904785
0.002962384605780244,29956.62109375,0.0024480766151100397,31.217073440551758
0.002918016165494919,30280.12109375,0.002505022566765547,35.7148323059082
0.0029187623877078295,29322.353515625,0.00244410103186965,25.05927848815918
0.002927796682342887,33845.47265625,0.0024984031915664673,23.82032585144043
0.0029757502488791943,30262.662109375,0.002469990635290742,24.59773063659668
0.002934947144240141,33523.765625,0.0024072674568742514,27.945632934570312
0.0029300872702151537,35395.51171875,0.0024197297170758247,24.32068634033203
0.002919840393587947,25991.3046875,0.002413976937532425,25.06869125366211
0.0029216897673904896,31159.80859375,0.0024141573812812567,25.82391929626465
0.0029535312205553055,37072.55859375,0.002488735830411315,25.557302474975586
0.002930975751951337,29923.5,0.0024064374156296253,27.707300186157227
0.002924614120274782,33659.01171875,0.002425203565508127,23.843036651611328
0.002931616036221385,28936.623046875,0.002553609199821949,22.981868743896484
0.002926109591498971,34097.6953125,0.0023976543452590704,26.78291130065918
0.002934908028692007,31597.501953125,0.002413908950984478,25.68476676940918
0.002914832904934883,30638.564453125,0.00254536559805274,22.720998764038086
0.002914601704105735,32227.419921875,0.002410645829513669,26.146318435668945
0.0029246769845485687,32544.4921875,0.0025083438958972692,25.81757354736328
0.0029318726155906916,32826.05859375,0.002456844551488757,29.34855842590332
0.0029356544837355614,32913.2578125,0.0024072248488664627,30.466453552246094
0.0028967636171728373,30508.60546875,0.0024733932223170996,22.910552978515625
0.0029201481956988573,27631.9921875,0.002435013884678483,23.330698013305664
0.0029057436622679234,26939.697265625,0.0024276303593069315,24.391456604003906
0.002886258065700531,28858.2265625,0.0023953632917255163,28.032751083374023
0.00290711154229939,29829.837890625,0.002393359085544944,28.343955993652344
0.002929890528321266,28297.57421875,0.002422546735033393,24.562246322631836
0.0029093569610267878,29078.75,0.002425734419375658,24.065406799316406
0.0029326025396585464,35760.28515625,0.002401528647169471,26.07143211364746
0.002948220819234848,27328.92578125,0.0024319682270288467,22.76956558227539
0.002911056624725461,26395.169921875,0.002514497609809041,23.287246704101562
0.002921117004007101,33424.59765625,0.0025104747619479895,24.315031051635742
0.002896212739869952,30591.96875,0.002389277331531048,27.48723602294922
0.0028778198175132275,33312.99609375,0.002409334760159254,27.204448699951172
0.002890419913455844,27939.2109375,0.0024380867835134268,31.48545265197754
0.0028792954981327057,22975.322265625,0.0025748275220394135,23.790420532226562
0.002917199395596981,29875.23046875,0.002409798325970769,26.94220542907715
0.002883866196498275,28026.31640625,0.002423834055662155,24.474830627441406
0.0029123162385076284,31728.716796875,0.0023900989908725023,26.026676177978516
0.002864290028810501,30738.671875,0.0024002378340810537,23.89468002319336
0.0029115614015609026,28253.39453125,0.0024388497695326805,23.996076583862305
0.002906749490648508,29525.466796875,0.0025690540205687284,30.416412353515625
0.0029147518798708916,27028.01171875,0.0023845366667956114,25.793628692626953
0.0028815630357712507,28860.322265625,0.002385892206802964,25.29530906677246
0.0029049289878457785,28363.6484375,0.002384761581197381,23.820995330810547
0.0028964406810700893,28253.740234375,0.0023751086555421352,25.65135383605957
0.0028997831977903843,27665.03125,0.0024056416004896164,23.377452850341797
0.0028808596543967724,32196.87109375,0.0023738988675177097,24.992101669311523
0.002887026872485876,31594.033203125,0.002412257483229041,26.997655868530273
0.002900280524045229,30192.197265625,0.0023718581069260836,25.60601806640625
0.0029147311579436064,26109.8125,0.002379506127908826,25.295150756835938
0.002894999459385872,29797.462890625,0.002395820803940296,22.959205627441406
0.002873926656320691,30485.69140625,0.0023692853283137083,27.899137496948242
0.002873827936127782,30743.03515625,0.002504998352378607,28.827131271362305
0.002895088866353035,30919.90625,0.0024732963647693396,27.456621170043945
0.0029245938640087843,30267.73828125,0.002422511810436845,25.631031036376953
0.0028936152812093496,30417.921875,0.002370529342442751,26.271467208862305
0.002904074965044856,32635.001953125,0.0023797827307134867,27.782062530517578
0.002894957549870014,34129.890625,0.0024715596809983253,26.7381649017334
0.0028711180202662945,33161.94140625,0.0023729694075882435,26.30857276916504
0.0028754870872944593,34567.78515625,0.002381343860179186,23.36302947998047
0.0028891735710203648,34705.62890625,0.0023759605828672647,23.74333953857422
0.0028588713612407446,29063.72265625,0.0024796610232442617,24.7519588470459
0.0028842203319072723,26688.498046875,0.0023812626022845507,23.714567184448242
0.002869158750399947,29685.998046875,0.00242945016361773,25.75203514099121
0.0028609393630176783,28180.314453125,0.002399232005700469,26.101390838623047
0.0028951354324817657,27998.62109375,0.002364520216360688,25.192279815673828
0.002890709089115262,27925.76953125,0.0025408410001546144,31.55706787109375
0.0029107043519616127,31658.3359375,0.0023579818662256002,25.734508514404297
0.0028817462734878063,28454.330078125,0.0024047517217695713,31.588397979736328
0.002878824481740594,30200.615234375,0.002406479325145483,23.31633758544922
0.002871294040232897,31577.12890625,0.0023554193321615458,25.685914993286133
0.002891331212595105,28281.216796875,0.00239692535251379,23.78413200378418
0.002881537191569805,34255.1875,0.00238502724096179,22.519636154174805
0.0028690476901829243,26686.767578125,0.0024044429883360863,28.8843936920166
0.002849786775186658,24661.626953125,0.0023669966030865908,25.61965560913086
0.002859725384041667,24218.478515625,0.002387285465374589,29.82390785217285
0.00285516818985343,25971.537109375,0.0023518784437328577,25.858047485351562
0.002886395901441574,31480.576171875,0.0023742238990962505,26.56329917907715
0.0028747553005814552,24865.1796875,0.00240141898393631,24.969364166259766
0.002877915743738413,28468.666015625,0.0023700890596956015,23.101726531982422
0.0028731345664709806,31036.931640625,0.0023675442207604647,24.857397079467773
0.002876527141779661,30000.416015625,0.0023925607092678547,27.981779098510742
0.002875829814001918,28940.439453125,0.0024053286761045456,26.902584075927734
0.002856941195204854,26777.517578125,0.0024270752910524607,30.52232551574707
0.002881102031096816,27750.900390625,0.0023939453531056643,22.643291473388672
0.002887904178351164,26247.51171875,0.0023456315975636244,24.807397842407227
0.0028624976985156536,32872.9140625,0.002360227284952998,28.171844482421875
0.0028916208539158106,30658.88671875,0.0023406033869832754,26.794160842895508
0.0028993524610996246,26584.380859375,0.0023867597337812185,21.50750160217285
0.002845674753189087,30224.94140625,0.0023916251957416534,26.196041107177734
0.0028567067347466946,28587.53125,0.0024179115425795317,32.65348815917969
0.00287411967292428,30988.8515625,0.0024330541491508484,27.5699405670166
0.0028324807062745094,25711.8203125,0.002353866118937731,29.19186019897461
0.0028328546322882175,21490.3671875,0.002338466001674533,26.166126251220703
0.0028260434046387672,35605.4609375,0.0023710778914391994,23.514631271362305
0.002864822745323181,29206.96875,0.0024040911812335253,23.02035140991211
0.0028456419240683317,28656.09375,0.0023865520488470793,29.01912498474121
0.0028435743879526854,28606.57421875,0.0023779203183948994,31.905487060546875
0.002868388779461384,28963.79296875,0.0024280857760459185,29.199525833129883
0.002844346920028329,26428.470703125,0.002343024592846632,24.768627166748047
0.0028825905174016953,28271.939453125,0.0023524421267211437,23.309106826782227
0.00283615430817008,27540.296875,0.002342931227758527,28.55807113647461
0.0028900515753775835,31199.8046875,0.0023464933037757874,23.396968841552734
0.0028735052328556776,25769.453125,0.0023701395839452744,22.318626403808594
0.002863870933651924,30772.904296875,0.0023715023417025805,21.627883911132812
0.00283670611679554,31773.41015625,0.002479336690157652,22.089630126953125
0.002856182400137186,29508.134765625,0.002332333941012621,26.198869705200195
0.0028447769582271576,31697.203125,0.0023451773449778557,26.290176391601562
0.0028652420733124018,32631.845703125,0.002431378001347184,21.57444190979004
0.002857937477529049,28625.158203125,0.0023380517959594727,26.95229148864746
0.002857748419046402,32947.3828125,0.0023657376877963543,22.48185920715332
0.0028860936872661114,28857.369140625,0.002358682919293642,21.896093368530273
0.002825245726853609,26762.240234375,0.0024421855341643095,20.905437469482422
0.0028687024023383856,35466.640625,0.002346643013879657,23.361557006835938
0.0028324963059276342,28280.734375,0.0024768842849880457,25.677104949951172
0.0028511425480246544,31520.02734375,0.0023747060913592577,21.115219116210938
0.0028664181008934975,26983.763671875,0.002377724042162299,24.154226303100586
0.0028302285354584455,30796.107421875,0.0023602403234690428,22.796794891357422
0.00283019058406353,26123.267578125,0.0023607322946190834,24.704442977905273
0.002871656557545066,27589.912109375,0.002408964792266488,24.11104965209961
0.0028372383676469326,29391.59375,0.002323536667972803,26.28826141357422
0.002832625759765506,30682.556640625,0.0023374713491648436,23.577014923095703
0.0028362798038870096,29117.140625,0.0024228193797171116,24.81524085998535
0.0028715995140373707,28099.3671875,0.002357679419219494,22.010608673095703
0.0028295700903981924,28302.19140625,0.002400930505245924,22.059688568115234
0.002818911802023649,32274.6796875,0.0023369838017970324,24.35251235961914
0.0028334246017038822,28937.169921875,0.002398762619122863,29.663549423217773
0.002858896739780903,27963.8125,0.002379882847890258,22.163497924804688
0.002843441441655159,30336.494140625,0.0024248738773167133,23.12500762939453
0.0028404323384165764,29606.396484375,0.0023324538487941027,24.524578094482422
0.002828896278515458,32392.150390625,0.0024032334331423044,23.484628677368164
0.0028330388013273478,27357.056640625,0.002425573533400893,20.655502319335938
0.0028315954841673374,30038.212890625,0.0023159668780863285,25.248275756835938
0.0028238315135240555,26234.921875,0.002313242992386222,25.579833984375
0.0028310641646385193,26454.28515625,0.0023378494661301374,26.431400299072266
0.002814731327816844,24335.462890625,0.0023529285099357367,25.20806121826172
0.0028469599783420563,24022.0546875,0.0023290954995900393,25.799747467041016
0.0028168337885290384,26667.34375,0.0023234919644892216,25.943567276000977
0.0028153695166110992,30917.802734375,0.0023627611808478832,23.89851951599121
0.002849690616130829,30087.9921875,0.0023297264706343412,28.317520141601562
0.0028253148775547743,29002.552734375,0.0024140742607414722,22.14261817932129
0.002817781176418066,31352.44921875,0.0023474739864468575,26.773040771484375
0.002797416877001524,26278.955078125,0.002322279615327716,27.48024559020996
0.002825380302965641,32370.916015625,0.0024319938383996487,20.277482986450195
0.0028426204808056355,27995.490234375,0.0023182672448456287,22.987703323364258
0.002831268822774291,26800.072265625,0.0023363938089460135,22.22681427001953
0.0028077401220798492,28695.05078125,0.0023454942274838686,23.68476676940918
0.00285517331212759,31355.412109375,0.002314083743840456,24.453523635864258
0.002814449602738023,27464.69140625,0.002330874092876911,23.32822608947754
0.0028280445840209723,27499.099609375,0.0023626855108886957,26.162717819213867
0.0028060071635991335,30519.53125,0.0023401896469295025,22.122047424316406
0.0027978981379419565,26946.427734375,0.002363041741773486,23.97892189025879
0.0028280208352953196,31402.765625,0.00232110102660954,23.769880294799805
0.0028076882008463144,30501.896484375,0.0023327611852437258,24.016584396362305
0.002826830605044961,30239.205078125,0.0023245520424097776,28.427814483642578
0.002801497234031558,23914.39453125,0.0024041333235800266,26.480880737304688
0.0028417655266821384,28950.59375,0.002341740531846881,20.85015869140625
0.0028291495982557535,27978.818359375,0.002363454783335328,22.759075164794922
0.002852280857041478,33818.1953125,0.0023664170876145363,24.37312889099121
0.0028215949423611164,29610.998046875,0.00234409561380744,23.760915756225586
0.0028176046907901764,29198.392578125,0.002313012257218361,25.311260223388672
0.0028130747377872467,29381.91796875,0.0023556803353130817,21.739744186401367
0.0027910787612199783,32325.458984375,0.002392950002104044,19.89171028137207
0.0028046537190675735,23342.94140625,0.0023389889393001795,22.059110641479492
0.002823906484991312,27237.80078125,0.0023085633292794228,27.303497314453125
0.00281809875741601,29169.29296875,0.002323128981515765,22.48826026916504
0.0028287407476454973,25919.005859375,0.0023224938195198774,29.42664909362793
0.002895981539040804,32364.029296875,0.0023082734551280737,24.0640811920166
0.002821034984663129,34236.50390625,0.0023212151136249304,27.373397827148438
0.0028106318786740303,26604.720703125,0.0023149142507463694,27.066265106201172
0.0028272189665585756,30230.650390625,0.0023171401116997004,23.82938575744629
0.002823780756443739,30324.80078125,0.0023535394575446844,23.18539047241211
0.0028247199952602386,29196.623046875,0.0023438436910510063,21.023366928100586
0.002823313931003213,25717.740234375,0.002370997332036495,24.39931869506836
0.0028096497990190983,30159.287109375,0.0023746113292872906,21.513959884643555
0.002786766504868865,28815.384765625,0.0023090788163244724,26.412687301635742
0.00281118368729949,29671.1015625,0.0023252421524375677,24.129213333129883
0.0027980005834251642,26517.48828125,0.00230797310359776,23.60732078552246
0.002806090284138918,27963.513671875,0.0023598140105605125,21.27562141418457
0.002821254311129451,29392.837890625,0.0023392904549837112,25.22056007385254
0.002825826173648238,29460.48828125,0.0024049177300184965,22.845752716064453
0.0028080313932150602,33154.41015625,0.0023041055537760258,26.128206253051758
0.002797428984194994,27787.046875,0.002300471067428589,24.04608726501465
0.002797155175358057,29561.96875,0.0023093123454600573,22.95488166809082
0.0028050874825567007,28551.93359375,0.0023188311606645584,26.492891311645508
0.0028113925363868475,30807.724609375,0.0024167485535144806,21.544151306152344
0.0027782905381172895,30232.275390625,0.0023002768866717815,26.388015747070312
0.002789556747302413,25462.416015625,0.0023201792500913143,22.70113182067871
0.002786165801808238,31100.83203125,0.0023017528001219034,27.405231475830078
0.0028196501079946756,33406.17578125,0.0023105419240891933,22.619348526000977
0.0028219532687216997,29927.142578125,0.002304238732904196,27.71795654296875
0.002816135063767433,28286.361328125,0.0023911346215754747,21.149383544921875
0.002799888141453266,36507.1171875,0.002415908733382821,21.06216049194336
0.0028173949103802443,28890.0,0.0022942505311220884,24.914554595947266
0.0028025044593960047,32029.685546875,0.0023525452706962824,26.152311325073242
0.002796898363158107,34547.2578125,0.00232587824575603,22.79451560974121
0.002824486931785941,30643.439453125,0.0022944635711610317,24.252819061279297
0.002810887759551406,30663.017578125,0.002333093201741576,20.29233741760254
0.002790978644043207,34149.0,0.0022993774618953466,26.57935333251953
0.002797597786411643,29404.001953125,0.0023213240783661604,23.399667739868164
0.002803731942549348,23716.11328125,0.0023031681776046753,23.40596580505371
0.002790583297610283,27869.142578125,0.0023080233950167894,23.06027603149414
0.002817970933392644,24189.556640625,0.0023281199391931295,24.608009338378906
0.0028161490336060524,24327.935546875,0.002305289963260293,24.861160278320312
0.00282046920619905,30327.048828125,0.0023592719808220863,27.294143676757812
0.002812834456562996,27784.07421875,0.0023180691059678793,26.60894775390625
0.0027902633883059025,28832.28125,0.002348142210394144,22.809722900390625
0.0027889502234756947,24487.265625,0.0024275239557027817,23.744354248046875
0.002809930592775345,32007.955078125,0.002294897800311446,24.41075325012207
0.0027897467371076345,25684.232421875,0.002319134771823883,23.360576629638672
0.0028324523009359837,33873.0546875,0.0023232370149344206,20.67601776123047
0.0028190158773213625,24418.8125,0.002332435455173254,23.69717788696289
0.0027927302289754152,26056.9609375,0.002316331723704934,23.37993049621582
0.0027890249621123075,28797.587890625,0.0023095712531358004,22.780540466308594
0.0028290313202887774,30708.021484375,0.0023379004560410976,23.250225067138672
0.0027801727410405874,24279.11328125,0.0023438187781721354,19.92095375061035
0.0028035070281475782,32558.095703125,0.0023194889072328806,20.936052322387695
0.0027755368500947952,29362.310546875,0.0023315309081226587,23.761808395385742
0.002798939822241664,32594.923828125,0.0023045323323458433,25.040925979614258
0.00278783543035388,25919.515625,0.002327273366972804,22.654701232910156
0.0027691135182976723,28479.7109375,0.0023406653199344873,25.1151065826416
0.002773373620584607,29138.90234375,0.002339566359296441,20.979753494262695
0.0028118055779486895,26797.958984375,0.0023797701578587294,25.268516540527344
0.0028027580119669437,24891.88671875,0.002286515198647976,26.258628845214844
0.002821071306243539,27269.818359375,0.0022918751928955317,23.23276138305664
0.0028003202751278877,27080.318359375,0.002308879978954792,28.38921356201172
0.0028134705498814583,25382.533203125,0.0024042176082730293,23.85183334350586
0.002791384933516383,28469.671875,0.0023290773387998343,21.494707107543945
0.002808172255754471,26480.14453125,0.0023098401725292206,26.657669067382812
0.0028014997951686382,32959.94921875,0.0022863303311169147,23.474468231201172
0.0028142358642071486,27885.685546875,0.0023387011606246233,21.97238540649414
0.002772274659946561,30185.626953125,0.002316631143912673,26.31499481201172
0.0028051957488059998,31438.123046875,0.0022915154695510864,22.15895652770996
0.002790232887491584,24231.37890625,0.002289306139573455,22.991863250732422
0.0027789126615971327,26875.66015625,0.002298488048836589,24.365671157836914
0.0028009084053337574,26768.767578125,0.00237637828104198,25.176605224609375
0.0027809548191726208,24823.9765625,0.002395313698798418,23.599950790405273
0.002774666529148817,27512.87890625,0.002407365944236517,19.532394409179688
0.0028031787369400263,22228.046875,0.0022817300632596016,25.8407039642334
0.0027966920752078295,35661.1875,0.0024139166343957186,20.306055068969727
0.002780182985588908,27032.333984375,0.002288933377712965,24.14836311340332
0.0028029754757881165,28337.51953125,0.0022977865301072598,22.566492080688477
0.0027816526126116514,24896.095703125,0.0024304650723934174,24.387784957885742
0.0027975351549685,24398.080078125,0.0023513012565672398,21.71442413330078
0.0027713929302990437,29100.826171875,0.0023355933371931314,22.668039321899414
0.002757268724963069,27348.236328125,0.002322673099115491,22.801279067993164
0.002780885435640812,26570.955078125,0.0022939483169466257,24.95773696899414
0.0027833115309476852,29558.763671875,0.0024171473924070597,21.365589141845703
0.0027936187107115984,29793.8125,0.002408313797786832,21.070497512817383
0.00279958825558424,24517.0859375,0.0022877648007124662,22.556554794311523
0.00278075342066586,32663.078125,0.002514708787202835,19.589309692382812
0.002775379456579685,25407.091796875,0.0022723888978362083,25.896467208862305
0.00276231043972075,26418.109375,0.0022831009700894356,24.583999633789062
0.0028094437438994646,28839.75390625,0.00227928813546896,24.512332916259766
0.002796093001961708,30303.216796875,0.0022693597711622715,23.30018424987793
0.0027641684282571077,29221.267578125,0.0022764960303902626,22.782560348510742
0.002782009309157729,28405.30078125,0.002331883879378438,20.030426025390625
0.0028087766841053963,29647.64453125,0.00227936333976686,22.034677505493164
0.002775164321064949,30929.828125,0.0024421904236078262,21.408517837524414
0.002778810216113925,28007.482421875,0.0023000920191407204,23.0159969329834
0.00277835875749588,25133.5,0.002289191819727421,21.69000244140625
0.0027568188961595297,29186.21484375,0.0022806008346378803,23.817163467407227
0.0027768739964812994,31677.70703125,0.002380819758400321,21.0223445892334
0.002779036993160844,24785.623046875,0.0023009255528450012,24.328516006469727
0.0027546461205929518,24864.3203125,0.002273685298860073,24.446861267089844
0.0028026842046529055,29758.5234375,0.00231901160441339,20.1712703704834
0.0027649966068565845,24968.814453125,0.002280598506331444,22.160600662231445
0.0027428276371210814,30404.150390625,0.0023168716579675674,21.636871337890625
0.0027892852667719126,25475.013671875,0.0022648489102721214,22.495468139648438
0.0027729666326195,28764.16796875,0.0023442923557013273,29.569896697998047
0.0028087212704122066,32532.0078125,0.0022869701497256756,25.313152313232422
0.0028040637262165546,25277.935546875,0.0022694156505167484,25.71483612060547
0.0027929136995226145,28969.603515625,0.0022993730381131172,21.513904571533203
0.002785586519166827,27942.54296875,0.002311375690624118,23.42717170715332
0.0027796272188425064,32895.78125,0.002272719983011484,23.733978271484375
0.0027857834938913584,31104.255859375,0.0022821701131761074,24.22452163696289
0.0027560419403016567,27489.974609375,0.0022858132142573595,22.027587890625
0.0027471864596009254,27764.42578125,0.0023013779427856207,27.73150634765625
0.002779026050120592,28252.064453125,0.0022667893208563328,23.770078659057617
0.0027805704157799482,24863.626953125,0.0022963229566812515,21.274436950683594
0.0027933421079069376,26356.65625,0.0022676719818264246,23.44507598876953
0.0027689607813954353,26337.37109375,0.002272350015118718,21.45806312561035
0.002772866515442729,29180.962890625,0.0023307879455387592,25.062347412109375
0.002757997252047062,28531.380859375,0.0022849291563034058,28.81988525390625
0.0028093212749809027,30996.830078125,0.002285226946696639,22.994226455688477
0.0027804668061435223,23941.892578125,0.0022986182011663914,26.95962905883789
0.002782577881589532,25210.5625,0.0023253513500094414,23.265602111816406
0.002792194252833724,29259.494140625,0.0022898553870618343,22.49148941040039
0.0027828312013298273,27160.54296875,0.0022757109254598618,23.452939987182617
0.002813615370541811,28634.73046875,0.0022789842914789915,21.462451934814453
0.002779382048174739,30101.125,0.0022740133572369814,21.795120239257812
0.0027891648933291435,30738.369140625,0.0023207308258861303,19.33883285522461
0.002758402843028307,27217.1796875,0.0023824714589864016,22.524105072021484
0.0027690366841852665,24449.92578125,0.0023383356165140867,20.59349822998047
0.002783398609608412,29075.138671875,0.002273690653964877,24.686634063720703
0.0027756690979003906,22702.533203125,0.002322589745745063,23.940778732299805
0.0027625130023807287,27256.30078125,0.002383054234087467,23.042747497558594
0.0027564221527427435,22521.185546875,0.002253845566883683,23.392349243164062
0.002779906615614891,27282.837890625,0.0023177657276391983,21.601341247558594
0.002758053131401539,26332.134765625,0.0022785458713769913,22.977054595947266
0.002743574557825923,27267.130859375,0.0022717502433806658,21.48735237121582
0.002767261117696762,27252.744140625,0.002268359763547778,24.57604217529297
0.0027881369460374117,23660.828125,0.002302492968738079,22.687856674194336
0.0027621977496892214,24876.9921875,0.0022663709241896868,25.20718002319336
0.0027416048105806112,25963.455078125,0.0024826228618621826,22.548171997070312
0.0027812188491225243,26025.5625,0.002263532020151615,25.597227096557617
0.0027804875280708075,29023.455078125,0.002303454792127013,23.10345458984375
0.0027730739675462246,27463.869140625,0.0023620235733687878,21.433643341064453
0.0027747831773012877,30264.142578125,0.0022774634417146444,21.706518173217773
0.0027391905896365643,28559.83203125,0.0022846234496682882,24.007034301757812
0.0027556349523365498,28423.48046875,0.002379580168053508,21.21805763244629
0.0027632524725049734,25995.412109375,0.0022801016457378864,24.1484375
0.002775556640699506,26060.396484375,0.0022810250520706177,21.89784812927246
0.002796275308355689,28152.9375,0.002274065278470516,20.79374885559082
0.0027811480686068535,25963.37890625,0.0023741114418953657,24.031963348388672
0.002773257903754711,30461.783203125,0.0022543868981301785,25.693706512451172
0.0027673314325511456,24851.736328125,0.0022633199114352465,26.428394317626953
0.0027677936013787985,29500.65234375,0.002321928273886442,20.271835327148438
0.002738074865192175,27011.744140625,0.0022614027839154005,21.938676834106445
0.002726861508563161,27578.18359375,0.0023000475484877825,20.43760871887207
0.0027720886282622814,25951.6953125,0.002259272849187255,25.423810958862305
0.0027587758377194405,25872.232421875,0.002250589895993471,23.23632049560547
0.002767721423879266,22748.34375,0.002270087134093046,22.368011474609375
0.002760181436315179,23033.474609375,0.002275243401527405,21.782506942749023
0.002762722549960017,23168.544921875,0.0023342680651694536,22.21184539794922
0.0027506654150784016,30472.439453125,0.002265813061967492,23.363313674926758
0.0027746823616325855,27861.05078125,0.0022672731429338455,26.101713180541992
0.002748789731413126,26070.955078125,0.002264216309413314,22.794105529785156
0.0027689801063388586,24914.982421875,0.0023255622945725918,22.96106719970703
0.0027690015267580748,28088.583984375,0.002307511866092682,24.686159133911133
0.0027618424501270056,22827.064453125,0.0022820199374109507,20.50186538696289
0.0027588612865656614,27307.115234375,0.0022794208489358425,30.10222053527832
0.0027583539485931396,24757.955078125,0.002259543165564537,22.11656951904297
0.0027800374664366245,25873.9609375,0.002250073477625847,22.757722854614258
0.0027288796845823526,30096.46484375,0.00240540225058794,21.462238311767578
0.002746955491602421,28478.6953125,0.00242451555095613,22.559873580932617
0.002764124656096101,25804.349609375,0.0022450711112469435,24.119155883789062
0.002761691343039274,27331.154296875,0.0023137570824474096,21.289735794067383
0.002757302252575755,28787.19921875,0.002283644862473011,29.095531463623047
0.002761602634564042,32124.875,0.0023600151762366295,24.332275390625
0.002761016134172678,26030.1015625,0.002292390912771225,24.86621856689453
0.0027451578062027693,28791.958984375,0.0023756164591759443,20.353235244750977
0.0027945598121732473,27865.9375,0.002282819477841258,20.011333465576172
0.0027340759988874197,24272.33203125,0.0022526588290929794,22.54737663269043
0.002751754829660058,24879.076171875,0.002288592979311943,21.59630584716797
0.0027393887285143137,26620.513671875,0.0023376254830509424,20.69879722595215
0.002743661170825362,26039.23828125,0.0022780029103159904,26.767595291137695
0.002750794170424342,24498.828125,0.0022539058700203896,27.22786521911621
0.0027247252874076366,27669.197265625,0.002246010350063443,22.685203552246094
0.0027488116174936295,29270.298828125,0.002250795951113105,25.65695571899414
0.002725080819800496,30553.26953125,0.0022542893420904875,22.110576629638672
0.0027427722234278917,25979.8671875,0.0022823812905699015,20.95296859741211
0.002736247144639492,22022.322265625,0.0023025053087621927,21.983245849609375
0.002751413732767105,27912.310546875,0.002297654515132308,29.091575622558594
0.0027050080243498087,28279.34765625,0.0022665769793093204,22.127700805664062
0.0027453298680484295,25074.419921875,0.002273028250783682,21.812000274658203
0.002766276244074106,24850.529296875,0.0022744247689843178,20.89262580871582
0.0027402136474847794,27072.5234375,0.0022910358384251595,23.591167449951172
0.00275749946013093,26601.671875,0.002277134684845805,20.551206588745117
0.0027461780700832605,26383.634765625,0.0023192251101136208,21.233318328857422
0.0027666976675391197,26029.3125,0.0022462441120296717,25.600488662719727
0.0027564114425331354,28796.728515625,0.0022498001344501972,22.863399505615234
0.0027366806752979755,24915.9140625,0.0022454997524619102,25.755754470825195
0.002751290798187256,30241.033203125,0.0022530374117195606,21.889720916748047
0.0027530984953045845,24048.34375,0.002239975379779935,23.634929656982422
0.002732974011451006,29068.966796875,0.002414402784779668,21.193599700927734
0.0027615909930318594,26237.376953125,0.0022599510848522186,27.622966766357422
0.0027266228571534157,28865.087890625,0.0022878162562847137,22.065149307250977
0.00274030608125031,30167.6171875,0.002252639038488269,22.31256103515625
0.0027379884850233793,26961.650390625,0.0022684531286358833,21.965837478637695
0.0027649938128888607,27063.576171875,0.0022540283389389515,26.53032684326172
0.0027381079271435738,25807.171875,0.002234585816040635,22.609350204467773
0.0027574195992201567,25974.568359375,0.0022985460236668587,23.552413940429688
0.002736604306846857,29469.181640625,0.002271089004352689,20.29697036743164
0.0027262545190751553,24475.806640625,0.002234574407339096,23.959672927856445
0.002739862771704793,26317.8828125,0.002243178430944681,22.694944381713867
0.002732763532549143,22669.71484375,0.002383145038038492,20.23963737487793
0.002758950460702181,29459.751953125,0.002268183743581176,22.490663528442383
0.0027309770230203867,27561.33984375,0.0022553973831236362,21.565088272094727
0.002737207105383277,30526.400390625,0.0022720876149833202,21.783811569213867
0.0027296210173517466,25889.259765625,0.002235491294413805,22.935346603393555
0.0027350836899131536,26468.916015625,0.002291641663759947,23.824764251708984
